Row Label,CYB5A,SOD1,CA2,RBP4,ALB,TF,CAT
Min,-2.51951,-1.4,-3.22522,-2.27831,-2.86227,-0.93333,-2.63998
Max,0.985942,1.46514,1.92273,2.67374,4.58218,3.05702,2.60333
Default,1,0,0,0,0,0,0